UserID,USERNAME,PASSWORD,EMAIL,ADMIN,,,,,,,,,
1,corey72,kjcXZG81Bts3]p#t,corey72@example.com,1,,,,,,,,,
2,keithjenkins,Q{}?>-6ORWMJnLl#,keithjenkins@example.com,0,,,,,,,,,
3,frostwesley,uYK%!YRQ>:4mOceT,frostwesley@example.com,0,,,,,,,,,
4,gail78,3s=0TI(C%5hp4<a0,gail78@example.com,0,,,,,,,,,
5,zbrown,[qR|twM;k.TA=48{,zbrown@example.com,0,,,,,,,,,
6,andrew93,lP0i$:FWZ*vl_eXW,andrew93@example.com,0,,,,,,,,,
7,brent18,p1>2h}>?%uy![2#D,brent18@example.com,0,,,,,,,,,
8,annamccarthy,8]O}[1yoBSH>YQ]J,annamccarthy@example.com,0,,,,,,,,,
9,fmyers,4??4QIgL1=*)%Q:*,fmyers@example.com,0,,,,,,,,,
10,jennifer58,"N+!D,r6g;EDV5k|R",jennifer58@example.com,0,,,,,,,,,
11,deannavalencia,40smvSj3.jt@DfJH,deannavalencia@example.com,0,,,,,,,,,
12,tyler12,fW5M0+<_6?xeG8jM,tyler12@example.com,0,,,,,,,,,
13,michelle30,O;>]a5!E-%Rc<u*_,michelle30@example.com,0,,,,,,,,,
14,gaybarbara,<mAuJ@wCbw5gSct2,gaybarbara@example.com,0,,,,,,,,,
15,rebeccajohnson,2ch?8^lQ!g+ZI0&v,rebeccajohnson@example.com,0,,,,,,,,,
16,hudsonlaura,"2LN%,Sl(97xI[%9C",hudsonlaura@example.com,0,,,,,,,,,
17,eric78,HU0db!=24swR[ZvF,eric78@example.com,0,,,,,,,,,
18,steven95,N]Sy2EJ:Kifpwvl5,steven95@example.com,0,,,,,,,,,
19,juanburgess,J&|+wkW9latkVy1>,juanburgess@example.com,0,,,,,,,,,
20,frostcharles,:04xRX8;|4>r8;8u,frostcharles@example.com,0,,,,,,,,,
21,deanstark,^H5MU]ZgU.B&0hp=,deanstark@example.com,0,,,,,,,,,
22,wtaylor,5]][q0t0b3LX]:KB,wtaylor@example.com,0,,,,,,,,,
23,michaelrivera,2jvNckWfU2za$yW$,michaelrivera@example.com,0,,,,,,,,,
24,kkaiser,@5-BDr.efQ8o1c]>,kkaiser@example.com,0,,,,,,,,,
25,shannon20,;Vr%:QHZVhZ2uv#3,shannon20@example.com,0,,,,,,,,,
26,eric07,"?,9eE7|u}ncUgvVY",eric07@example.com,0,,,,,,,,,
27,smithwilliam,m=[-xAx3Aj3B5?7A,smithwilliam@example.com,0,,,,,,,,,
28,zmartinez,CFnc5j)Q@B54Ow_x,zmartinez@example.com,0,,,,,,,,,
29,karigreen,24+>;IjvzFTk|afU,karigreen@example.com,0,,,,,,,,,
30,dbaker,pDc&=A6EP!CMHoa0,dbaker@example.com,0,,,,,,,,,
31,johnwashington,17on#a72dW$%TT<^,johnwashington@example.com,0,,,,,,,,,
32,ericabell,5;u=X;4j:}<}U7W1,ericabell@example.com,0,,,,,,,,,
33,gonzalezkaren,",D^AY6;l3Wp7h<7y",gonzalezkaren@example.com,0,,,,,,,,,
34,nhubbard,^Xy?4vR|]X}x-IW0,nhubbard@example.com,0,,,,,,,,,
35,djohnston,6.00woF#v<T@OgxS,djohnston@example.com,0,,,,,,,,,
36,ianjohnson,)f?^=6)wWv}6J2$a,ianjohnson@example.com,0,,,,,,,,,
37,vbrowning,9Y%o>VhhW>Yo%5|l,vbrowning@example.com,0,,,,,,,,,
38,frodriguez,"5>j_WO,>TonCs:.b",frodriguez@example.com,0,,,,,,,,,
39,davidmcconnell,tCoYN;o0+q9vWH1c,davidmcconnell@example.com,0,,,,,,,,,
40,brianmoon,",2J.P]B,8oTrk1y,",brianmoon@example.com,0,,,,,,,,,
41,carolynmccullough,:Da%BIuTdrw(U7$),carolynmccullough@example.com,0,,,,,,,,,
42,caldwelleugene,tTOZb3Axl<msbtG0,caldwelleugene@example.com,0,,,,,,,,,
43,erikabowman,yCV8}+N=LPT#=eG.,erikabowman@example.com,0,,,,,,,,,
44,jennifer27,YtR[f4Y1^E_b;0>-,jennifer27@example.com,0,,,,,,,,,
45,ckirk,<Rk2u}|xUX=A>U_5,ckirk@example.com,0,,,,,,,,,
46,cwilliams,"#PS*t_,![8eU@ey2",cwilliams@example.com,0,,,,,,,,,
47,howardjonathan,xSj38Y1I#{p_$PqM,howardjonathan@example.com,0,,,,,,,,,
48,danielramirez,0J3l%l0.}#si;<=O,danielramirez@example.com,0,,,,,,,,,
49,gyoung,*(:.L:+I8P1i[p7n,gyoung@example.com,0,,,,,,,,,
50,christopherjohnson,ast>h=XIm(Hkw35b,christopherjohnson@example.com,0,,,,,,,,,
51,kingkristin,}zw<gK06I?2DU^XU,kingkristin@example.com,0,,,,,,,,,
52,tmitchell,Y2HWj3}h?H=.#W7i,tmitchell@example.com,0,,,,,,,,,
53,velasquezdakota,P$]:)srH&7ttBI+N,velasquezdakota@example.com,0,,,,,,,,,
54,iferguson,-;?}FN?W26u1.9Xd,iferguson@example.com,0,,,,,,,,,
55,gkirby,v_^nD*c;Wf[7MF07,gkirby@example.com,0,,,,,,,,,
56,peter11,EluFi1qo|l8TVSh1,peter11@example.com,0,,,,,,,,,
57,michele59,nfbv(C+P7!oSOY?!,michele59@example.com,0,,,,,,,,,
58,rodriguezjocelyn,"BA^y,5yCrABz.b7=",rodriguezjocelyn@example.com,0,,,,,,,,,
59,steven74,fxpGw*Y=OP7x$zL6,steven74@example.com,0,,,,,,,,,
60,chase57,A}W|@iQ%}uG2B*Mf,chase57@example.com,0,,,,,,,,,
61,tsanders,]]cLv15(uG5omXUh,tsanders@example.com,0,,,,,,,,,
62,brianhernandez,"wpErVMl,B3->3&?9",brianhernandez@example.com,0,,,,,,,,,
63,joshua20,"JS*jNRxx.j3h,Zfo",joshua20@example.com,0,,,,,,,,,
64,bautistaashley,sQtZejd_kl0|%=mn,bautistaashley@example.com,0,,,,,,,,,
65,yadams,LV[Gz8@I2_vk);Ju,yadams@example.com,0,,,,,,,,,
66,matthewhall,2Go=z+f=pqFwHx@y,matthewhall@example.com,0,,,,,,,,,
67,nicholas15,s00}v#q1!OL37?Lo,nicholas15@example.com,0,,,,,,,,,
68,martha42,"606yRxW-&6W,:Ll4",martha42@example.com,0,,,,,,,,,
69,tgarrett,fE+ykb]5+v|4iO5I,tgarrett@example.com,0,,,,,,,,,
70,bryanwebb,B6N!m6M6nkurD.4w,bryanwebb@example.com,0,,,,,,,,,
71,hughesdebbie,9GJ&Z}bXD}h@9Wa9,hughesdebbie@example.com,0,,,,,,,,,
72,marquezlaura,ENu<&hZx6<M&PW*?,marquezlaura@example.com,0,,,,,,,,,
73,shari67,#1@oh7iI7#E2:b-f,shari67@example.com,0,,,,,,,,,
74,colemanbrandon,lOKyP2gwBVVKt!OZ,colemanbrandon@example.com,0,,,,,,,,,
75,griffinmichelle,y%!3yVS]sD0!$7-2,griffinmichelle@example.com,0,,,,,,,,,
76,pdavis,PgEz_674-OhxNdIz,pdavis@example.com,0,,,,,,,,,
77,gary97,$ozd5kh[Z]IDk)R9,gary97@example.com,0,,,,,,,,,
78,duartevanessa,".Ie,C51LhbS8I:O<",duartevanessa@example.com,0,,,,,,,,,
79,morrisonpamela,"ohk)egT,yB8OV3xR",morrisonpamela@example.com,0,,,,,,,,,
80,figueroaderrick,b&02BYG;yNPJg[x_,figueroaderrick@example.com,0,,,,,,,,,
81,ijenkins,4XxDq&;4.WOW}LaS,ijenkins@example.com,0,,,,,,,,,
82,kelsey93,ge.pc?8VDEow6hb5,kelsey93@example.com,0,,,,,,,,,
83,bcampos,%b2VS1%?!YYrblf#,bcampos@example.com,0,,,,,,,,,
84,davisdorothy,R)[.pDX1hIy8}asI,davisdorothy@example.com,0,,,,,,,,,
85,andrewrandall,"2p1*,U0;H{-WJVE|",andrewrandall@example.com,0,,,,,,,,,
86,maddendouglas,"GH,<{v^[DwYusd}8",maddendouglas@example.com,0,,,,,,,,,
87,pachecochristopher,H:xF]<p)Eu+$Js0U,pachecochristopher@example.com,0,,,,,,,,,
88,jeffrey56,k=+x^Iq{Wp@N7.Q.,jeffrey56@example.com,0,,,,,,,,,
89,bianca20,r01.6g!zLXzd@T+A,bianca20@example.com,0,,,,,,,,,
90,julian67,)}{^MRgU!L7h5?m),julian67@example.com,0,,,,,,,,,
91,christianlewis,Q(Ju6l;IV5L_w:m*,christianlewis@example.com,0,,,,,,,,,
92,rogerdaniels,Z%sEvd1y_roZ]kC8,rogerdaniels@example.com,0,,,,,,,,,
93,robertsshaun,8]J-OS&T.{LdskHA,robertsshaun@example.com,0,,,,,,,,,
94,adriennehardy,7[3:Qd?7s*vuOGB^,adriennehardy@example.com,0,,,,,,,,,
95,stacyrussell,UJ<2Dh52a2<YW<Bj,stacyrussell@example.com,0,,,,,,,,,
96,tmoon,Jf<m&Qr=s3-hPDAP,tmoon@example.com,0,,,,,,,,,
97,parkscindy,KYc1eVU#@|gks_^B,parkscindy@example.com,0,,,,,,,,,
98,garrettjohn,<+1<03&Tod;mIor$,garrettjohn@example.com,0,,,,,,,,,
99,hayesscott,HEKG2f%m-dL43!l?,hayesscott@example.com,0,,,,,,,,,
100,psilva,pm9hl}=Y3GB?!)6-,psilva@example.com,0,,,,,,,,,